company,linkedin_url,segment,lead_score,likely_workflow_pain,outreach_angle,est_initial_value_usd
NE Property Management LLC,https://www.linkedin.com/company/ne-property-management-llc,Property Management,A,portfolio operations generate repetitive resident-owner service workflows,Automate service ticket routing and owner communication triggers,1200-3000
Family Owned Property Management LLC,https://www.linkedin.com/company/fopmllc,Property Management,A,small team balancing leasing maintenance and tenant communication manually,Automate leasing-maintenance-tenant follow-up cycle,1000-2200
TRYBE Property Management LLC,https://www.linkedin.com/company/trybepropertymanagement,Property Management,A,mixed commercial and residential process handoffs increase admin work,Automate intake assignment and status workflow across property types,1200-2800
NLR Property Management LLC,https://www.linkedin.com/company/nlr-property-management-llc,Property Management,A,multifamily operations have repetitive scheduling and communication tasks,Automate recurring operational reminders and resident updates,1200-2800
BOTA Property Management LLC,https://www.linkedin.com/company/bota-property-management-llc,Property Management,A,boutique management model depends on high-touch but manual admin,Automate high-touch owner and tenant update sequences,1200-2800
Premiere Property Management LLC,https://www.linkedin.com/company/premiere-property-management-llc,Property Management,A,boutique operation with manual tracking of leasing and maintenance,Automate leasing pipeline and maintenance follow-up tasks,1000-2200
M&M Property Management LLC,https://www.linkedin.com/company/m&m-property-management-llc,Property Management,A,residential management tasks repeat across properties and tenants,Automate repetitive property task checklists and notifications,1000-2200
Premier Property Management LLC,https://www.linkedin.com/company/premierproperty,Property Management,A,housing development management has recurring resident service workflows,Automate resident request handling and internal escalations,1200-2800
OC Only Property Management LLC,https://www.linkedin.com/company/oc-only-property-management-llc,Property Management,A,full-service PM with recurring rent-maintenance-reporting loops,Automate rent maintenance and owner reporting cadence,1000-2500
Marlo Property Management LLC,https://www.linkedin.com/company/marlo-property-management-llc,Property Management,A,chicagoland rental operations rely on repeated manual handoffs,Automate rental inquiry to move-in workflow,1000-2200
Associated Asset Management AAM,https://www.linkedin.com/company/associatedasset-com,Property Management,A,HOA operations include high-volume resident requests and approvals,Automate resident request triage and approval status communications,1200-3000
Seabreeze Management Company Inc,https://www.linkedin.com/company/seabreeze-management-company-inc-,Property Management,A,full-service management creates recurring multi-party coordination,Automate vendor-resident-board communication workflows,1200-3000
Real Property Management,https://www.linkedin.com/company/realpropertymanagement,Property Management,A,franchise-style operations still carry local manual process gaps,Automate local office lead-to-lease and maintenance workflows,1200-3000
Property Management Inc,https://www.linkedin.com/company/property-management-inc-,Property Management,A,franchise growth introduces inconsistent local process execution,Automate standardized intake and follow-up automation templates,1200-3000
Pinnacle Property Management Services,https://www.linkedin.com/company/pinnacle-family-of-companies,Property Management,A,large operation with recurring service and communication bottlenecks,Automate service request categorization and SLA reminders,1500-3000
KPM Property Management,https://www.linkedin.com/company/kpm-property-management,Property Management,A,multifamily management requires repeatable resident lifecycle automation,Automate resident lifecycle touchpoints and task triggers,1200-3000
All Property Management,https://www.linkedin.com/company/all-property-management,Property Management,A,investor-owner matching and downstream follow-up can be systematized,Automate lead qualification and manager matching follow-ups,1200-2800
Premier Access Property Management,https://www.linkedin.com/company/premier-access-property-management,Property Management,A,luxury portfolio operations include frequent vendor and owner updates,Automate vendor coordination and owner update cadence,1200-2800
Power Property Management,https://www.linkedin.com/company/power-property-management,Property Management,A,leasing and investment ops create repetitive communication loops,Automate leasing lead reminders and owner reporting,1200-3000
TMG Property Management Services NW,https://www.linkedin.com/company/tmgnorthwest,Property Management,A,regional volume generates repeated assignment and status tasks,Automate assignment logic and completion notifications,1500-3000
Partnership Property Management,https://www.linkedin.com/company/partnership-property-management,Property Management,A,resident issue management depends on manual follow-up,Automate resident issue pipeline and response tracking,1200-2800
StaffOps,https://www.linkedin.com/company/staffops,Staffing,A,IT staffing req intake and candidate progression updates are repetitive,Automate req intake and candidate stage notifications,700-2000
SPS Staffing,https://www.linkedin.com/company/sps-staffing,Staffing,A,legacy staffing process relies on manual recruiter follow-ups,Automate recruiter reminders and placement checkpoints,500-1800
Medical Staffing Services,https://www.linkedin.com/company/medical-staffing-services,Staffing,A,medical staffing placements involve recurring status communication,Automate placement status updates and scheduling reminders,700-2000
Absolute Staffers,https://www.linkedin.com/company/absolute-staffers,Staffing,A,government-commercial staffing workflows require disciplined follow-ups,Automate candidate compliance and follow-up cadence,700-2000
Diverse Staffing,https://www.linkedin.com/company/diverse-staffing,Staffing,A,multi-service staffing lines create repetitive process overhead,Automate assignment routing and client update workflows,700-2200
TES Staffing Inc,https://www.linkedin.com/company/tes-staffing-inc.,Staffing,A,community-focused staffing operation has recurring admin cycles,Automate applicant intake and placement follow-up workflow,700-2000
StaffWiz LLC,https://www.linkedin.com/company/staffwiz,Staffing,A,remote staffing and EOR workflows involve repetitive coordination,Automate remote hiring handoffs and reminder tasks,700-2000
JUDIT Inc,https://www.linkedin.com/company/juditinc,Staffing,A,matching hiring manager needs to candidates depends on manual tracking,Automate requirement-to-candidate matching updates,700-2200
BookSmarts Accounting and Bookkeeping,https://www.linkedin.com/company/booksmarts-accounting-&-bookkeeping,Accounting,A,advisory and bookkeeping delivery requires recurring client data collection,Automate client data request and monthly close workflow,900-2200
The Profit Firm,https://www.linkedin.com/company/theprofitfirm,Accounting,A,multi-service accounting packages have repeated client touchpoints,Automate service delivery checklist and client reminder cadence,900-2200
KORE Accounting Solutions,https://www.linkedin.com/company/koreaccounting,Accounting,A,compliance and profitability reporting include repetitive internal tasks,Automate report prep and deadline reminder workflows,900-2200
Profitwise Accounting,https://www.linkedin.com/company/profitwiseaccounting,Accounting,A,small business accounting firm has recurring onboarding and close cycles,Automate onboarding and monthly close process orchestration,900-2200
BookKeeping Express,https://www.linkedin.com/company/bookkeeping-express,Accounting,A,franchise bookkeeping operations need standardized recurring workflows,Automate standardized recurring bookkeeping workflow templates,900-2500
AccountingDepartment.com,https://www.linkedin.com/company/accountingdepartment.com,Accounting,A,outsourced controller-bookkeeping service has repeatable delivery tasks,Automate client service progression and milestone alerts,900-2500
